<?xml version="1.0" encoding="UTF-8"?>
<project-private xmlns="http://www.netbeans.org/ns/project-private/1">
    <editor-bookmarks xmlns="http://www.netbeans.org/ns/editor-bookmarks/2" lastBookmarkId="0"/>
    <open-files xmlns="http://www.netbeans.org/ns/projectui-open-files/2">
        <group>
            <file>file:/C:/Users/Harshini/Documents/NetBeansProjects/MiniProject/src/orders.java</file>
            <file>file:/C:/Users/Harshini/Documents/NetBeansProjects/MiniProject/src/cart.java</file>
            <file>file:/C:/Users/Harshini/Documents/NetBeansProjects/MiniProject/src/cust_reg.java</file>
            <file>file:/C:/Users/Harshini/Documents/NetBeansProjects/MiniProject/src/miniproject/MiniProject.java</file>
            <file>file:/C:/Users/Harshini/Documents/NetBeansProjects/MiniProject/src/remove.java</file>
            <file>file:/C:/Users/Harshini/Documents/NetBeansProjects/MiniProject/src/men.java</file>
            <file>file:/C:/Users/Harshini/Documents/NetBeansProjects/MiniProject/src/women.java</file>
            <file>file:/C:/Users/Harshini/Documents/NetBeansProjects/MiniProject/src/first.java</file>
            <file>file:/C:/Users/Harshini/Documents/NetBeansProjects/MiniProject/src/c_op.java</file>
            <file>file:/C:/Users/Harshini/Documents/NetBeansProjects/MiniProject/src/admin_login.java</file>
            <file>file:/C:/Users/Harshini/Documents/NetBeansProjects/MiniProject/src/kids.java</file>
            <file>file:/C:/Users/Harshini/Documents/NetBeansProjects/MiniProject/src/a_op.java</file>
            <file>file:/C:/Users/Harshini/Documents/NetBeansProjects/MiniProject/src/cust_login.java</file>
        </group>
    </open-files>
</project-private>
